CODIGODANEDEPARTAMENTO;DEPARTAMENTO;CODIGODANEMUNICIPIO;MUNICIPIO;PDET;IDSUBREGION;SUBREGION
05;ANTIOQUIA;05001;MEDELLÍN;0;NULL;NULL
05;ANTIOQUIA;05002;ABEJORRAL;0;NULL;NULL
05;ANTIOQUIA;05004;ABRIAQUÍ;0;NULL;NULL
05;ANTIOQUIA;05021;ALEJANDRÍA;0;NULL;NULL
05;ANTIOQUIA;05030;AMAGÁ;0;NULL;NULL
05;ANTIOQUIA;05031;AMALFI;1;3;BAJO CAUCA Y NORDESTE ANTIOQUEÑO
05;ANTIOQUIA;05034;ANDES;0;NULL;NULL
05;ANTIOQUIA;05036;ANGELÓPOLIS;0;NULL;NULL
05;ANTIOQUIA;05038;ANGOSTURA;0;NULL;NULL
05;ANTIOQUIA;05040;ANORÍ;1;3;BAJO CAUCA Y NORDESTE ANTIOQUEÑO
05;ANTIOQUIA;05042;SANTA FÉ DE ANTIOQUIA;0;NULL;NULL
05;ANTIOQUIA;05044;ANZÁ;0;NULL;NULL
05;ANTIOQUIA;05045;APARTADÓ;1;16;URABÁ ANTIOQUEÑO
05;ANTIOQUIA;05051;ARBOLETES;0;NULL;NULL
05;ANTIOQUIA;05055;ARGELIA;0;NULL;NULL
05;ANTIOQUIA;05059;ARMENIA;0;NULL;NULL
05;ANTIOQUIA;05079;BARBOSA;0;NULL;NULL
05;ANTIOQUIA;05086;BELMIRA;0;NULL;NULL
05;ANTIOQUIA;05088;BELLO;0;NULL;NULL
05;ANTIOQUIA;05091;BETANIA;0;NULL;NULL
05;ANTIOQUIA;05093;BETULIA;0;NULL;NULL
05;ANTIOQUIA;05101;CIUDAD BOLÍVAR;0;NULL;NULL
05;ANTIOQUIA;05107;BRICEÑO;1;3;BAJO CAUCA Y NORDESTE ANTIOQUEÑO
05;ANTIOQUIA;05113;BURITICÁ;0;NULL;NULL
05;ANTIOQUIA;05120;CÁCERES;1;3;BAJO CAUCA Y NORDESTE ANTIOQUEÑO
05;ANTIOQUIA;05125;CAICEDO;0;NULL;NULL
05;ANTIOQUIA;05129;CALDAS;0;NULL;NULL
05;ANTIOQUIA;05134;CAMPAMENTO;0;NULL;NULL
05;ANTIOQUIA;05138;CAÑASGORDAS;0;NULL;NULL
05;ANTIOQUIA;05142;CARACOLÍ;0;NULL;NULL
05;ANTIOQUIA;05145;CARAMANTA;0;NULL;NULL
05;ANTIOQUIA;05147;CAREPA;1;16;URABÁ ANTIOQUEÑO
05;ANTIOQUIA;05148;EL CARMEN DE VIBORAL;0;NULL;NULL
05;ANTIOQUIA;05150;CAROLINA;0;NULL;NULL
05;ANTIOQUIA;05154;CAUCASIA;1;3;BAJO CAUCA Y NORDESTE ANTIOQUEÑO
05;ANTIOQUIA;05172;CHIGORODÓ;1;16;URABÁ ANTIOQUEÑO
05;ANTIOQUIA;05190;CISNEROS;0;NULL;NULL
05;ANTIOQUIA;05197;COCORNÁ;0;NULL;NULL
05;ANTIOQUIA;05206;CONCEPCIÓN;0;NULL;NULL
05;ANTIOQUIA;05209;CONCORDIA;0;NULL;NULL
05;ANTIOQUIA;05212;COPACABANA;0;NULL;NULL
05;ANTIOQUIA;05234;DABEIBA;1;16;URABÁ ANTIOQUEÑO
05;ANTIOQUIA;05237;DONMATÍAS;0;NULL;NULL
05;ANTIOQUIA;05240;EBÉJICO;0;NULL;NULL
05;ANTIOQUIA;05250;EL BAGRE;1;3;BAJO CAUCA Y NORDESTE ANTIOQUEÑO
05;ANTIOQUIA;05264;ENTRERRÍOS;0;NULL;NULL
05;ANTIOQUIA;05266;ENVIGADO;0;NULL;NULL
05;ANTIOQUIA;05282;FREDONIA;0;NULL;NULL
05;ANTIOQUIA;05284;FRONTINO;0;NULL;NULL
05;ANTIOQUIA;05306;GIRALDO;0;NULL;NULL
05;ANTIOQUIA;05308;GIRARDOTA;0;NULL;NULL
05;ANTIOQUIA;05310;GÓMEZ PLATA;0;NULL;NULL
05;ANTIOQUIA;05313;GRANADA;0;NULL;NULL
05;ANTIOQUIA;05315;GUADALUPE;0;NULL;NULL
05;ANTIOQUIA;05318;GUARNE;0;NULL;NULL
05;ANTIOQUIA;05321;GUATAPÉ;0;NULL;NULL
05;ANTIOQUIA;05347;HELICONIA;0;NULL;NULL
05;ANTIOQUIA;05353;HISPANIA;0;NULL;NULL
05;ANTIOQUIA;05360;ITAGÜÍ;0;NULL;NULL
05;ANTIOQUIA;05361;ITUANGO;1;3;BAJO CAUCA Y NORDESTE ANTIOQUEÑO
05;ANTIOQUIA;05364;JARDÍN;0;NULL;NULL
05;ANTIOQUIA;05368;JERICÓ;0;NULL;NULL
05;ANTIOQUIA;05376;LA CEJA;0;NULL;NULL
05;ANTIOQUIA;05380;LA ESTRELLA;0;NULL;NULL
05;ANTIOQUIA;05390;LA PINTADA;0;NULL;NULL
05;ANTIOQUIA;05400;LA UNIÓN;0;NULL;NULL
05;ANTIOQUIA;05411;LIBORINA;0;NULL;NULL
05;ANTIOQUIA;05425;MACEO;0;NULL;NULL
05;ANTIOQUIA;05440;MARINILLA;0;NULL;NULL
05;ANTIOQUIA;05467;MONTEBELLO;0;NULL;NULL
05;ANTIOQUIA;05475;MURINDÓ;1;5;CHOCÓ
05;ANTIOQUIA;05480;MUTATÁ;1;16;URABÁ ANTIOQUEÑO
05;ANTIOQUIA;05483;NARIÑO;0;NULL;NULL
05;ANTIOQUIA;05490;NECOCLÍ;1;16;URABÁ ANTIOQUEÑO
05;ANTIOQUIA;05495;NECHÍ;1;3;BAJO CAUCA Y NORDESTE ANTIOQUEÑO
05;ANTIOQUIA;05501;OLAYA;0;NULL;NULL
05;ANTIOQUIA;05541;PEÑOL;0;NULL;NULL
05;ANTIOQUIA;05543;PEQUE;0;NULL;NULL
05;ANTIOQUIA;05576;PUEBLORRICO;0;NULL;NULL
05;ANTIOQUIA;05579;PUERTO BERRÍO;0;NULL;NULL
05;ANTIOQUIA;05585;PUERTO NARE;0;NULL;NULL
05;ANTIOQUIA;05591;PUERTO TRIUNFO;0;NULL;NULL
05;ANTIOQUIA;05604;REMEDIOS;1;3;BAJO CAUCA Y NORDESTE ANTIOQUEÑO
05;ANTIOQUIA;05607;RETIRO;0;NULL;NULL
05;ANTIOQUIA;05615;RIONEGRO;0;NULL;NULL
05;ANTIOQUIA;05628;SABANALARGA;0;NULL;NULL
05;ANTIOQUIA;05631;SABANETA;0;NULL;NULL
05;ANTIOQUIA;05642;SALGAR;0;NULL;NULL
05;ANTIOQUIA;05647;SAN ANDRÉS DE CUERQUÍA;0;NULL;NULL
05;ANTIOQUIA;05649;SAN CARLOS;0;NULL;NULL
05;ANTIOQUIA;05652;SAN FRANCISCO;0;NULL;NULL
05;ANTIOQUIA;05656;SAN JERÓNIMO;0;NULL;NULL
05;ANTIOQUIA;05658;SAN JOSÉ DE LA MONTAÑA;0;NULL;NULL
05;ANTIOQUIA;05659;SAN JUAN DE URABÁ;0;NULL;NULL
05;ANTIOQUIA;05660;SAN LUIS;0;NULL;NULL
05;ANTIOQUIA;05664;SAN PEDRO DE LOS MILAGROS;0;NULL;NULL
05;ANTIOQUIA;05665;SAN PEDRO DE URABÁ;1;16;URABÁ ANTIOQUEÑO
05;ANTIOQUIA;05667;SAN RAFAEL;0;NULL;NULL
05;ANTIOQUIA;05670;SAN ROQUE;0;NULL;NULL
05;ANTIOQUIA;05674;SAN VICENTE FERRER;0;NULL;NULL
05;ANTIOQUIA;05679;SANTA BÁRBARA;0;NULL;NULL
05;ANTIOQUIA;05686;SANTA ROSA DE OSOS;0;NULL;NULL
05;ANTIOQUIA;05690;SANTO DOMINGO;0;NULL;NULL
05;ANTIOQUIA;05697;EL SANTUARIO;0;NULL;NULL
05;ANTIOQUIA;05736;SEGOVIA;1;3;BAJO CAUCA Y NORDESTE ANTIOQUEÑO
05;ANTIOQUIA;05756;SONSÓN;0;NULL;NULL
05;ANTIOQUIA;05761;SOPETRÁN;0;NULL;NULL
05;ANTIOQUIA;05789;TÁMESIS;0;NULL;NULL
05;ANTIOQUIA;05790;TARAZÁ;1;3;BAJO CAUCA Y NORDESTE ANTIOQUEÑO
05;ANTIOQUIA;05792;TARSO;0;NULL;NULL
05;ANTIOQUIA;05809;TITIRIBÍ;0;NULL;NULL
05;ANTIOQUIA;05819;TOLEDO;0;NULL;NULL
05;ANTIOQUIA;05837;TURBO;1;16;URABÁ ANTIOQUEÑO
05;ANTIOQUIA;05842;URAMITA;0;NULL;NULL
05;ANTIOQUIA;05847;URRAO;0;NULL;NULL
05;ANTIOQUIA;05854;VALDIVIA;1;3;BAJO CAUCA Y NORDESTE ANTIOQUEÑO
05;ANTIOQUIA;05856;VALPARAÍSO;0;NULL;NULL
05;ANTIOQUIA;05858;VEGACHÍ;0;NULL;NULL
05;ANTIOQUIA;05861;VENECIA;0;NULL;NULL
05;ANTIOQUIA;05873;VIGÍA DEL FUERTE;1;5;CHOCÓ
05;ANTIOQUIA;05885;YALÍ;0;NULL;NULL
05;ANTIOQUIA;05887;YARUMAL;0;NULL;NULL
05;ANTIOQUIA;05890;YOLOMBÓ;0;NULL;NULL
05;ANTIOQUIA;05893;YONDÓ;1;13;SUR DE BOLÍVAR
05;ANTIOQUIA;05895;ZARAGOZA;1;3;BAJO CAUCA Y NORDESTE ANTIOQUEÑO
08;ATLÁNTICO;08001;BARRANQUILLA;0;NULL;NULL
08;ATLÁNTICO;08078;BARANOA;0;NULL;NULL
08;ATLÁNTICO;08137;CAMPO DE LA CRUZ;0;NULL;NULL
08;ATLÁNTICO;08141;CANDELARIA;0;NULL;NULL
08;ATLÁNTICO;08296;GALAPA;0;NULL;NULL
08;ATLÁNTICO;08372;JUAN DE ACOSTA;0;NULL;NULL
08;ATLÁNTICO;08421;LURUACO;0;NULL;NULL
08;ATLÁNTICO;08433;MALAMBO;0;NULL;NULL
08;ATLÁNTICO;08436;MANATÍ;0;NULL;NULL
08;ATLÁNTICO;08520;PALMAR DE VARELA;0;NULL;NULL
08;ATLÁNTICO;08549;PIOJÓ;0;NULL;NULL
08;ATLÁNTICO;08558;POLONUEVO;0;NULL;NULL
08;ATLÁNTICO;08560;PONEDERA;0;NULL;NULL
08;ATLÁNTICO;08573;PUERTO COLOMBIA;0;NULL;NULL
08;ATLÁNTICO;08606;REPELÓN;0;NULL;NULL
08;ATLÁNTICO;08634;SABANAGRANDE;0;NULL;NULL
08;ATLÁNTICO;08638;SABANALARGA;0;NULL;NULL
08;ATLÁNTICO;08675;SANTA LUCÍA;0;NULL;NULL
08;ATLÁNTICO;08685;SANTO TOMÁS;0;NULL;NULL
08;ATLÁNTICO;08758;SOLEDAD;0;NULL;NULL
08;ATLÁNTICO;08770;SUAN;0;NULL;NULL
08;ATLÁNTICO;08832;TUBARÁ;0;NULL;NULL
08;ATLÁNTICO;08849;USIACURÍ;0;NULL;NULL
11;BOGOTÁ D.C.;11001;BOGOTÁ D.C.;0;NULL;NULL
13;BOLIVAR;13001;CARTAGENA DE INDIAS;0;NULL;NULL
13;BOLIVAR;13006;ACHÍ;0;NULL;NULL
13;BOLIVAR;13030;ALTOS DEL ROSARIO;0;NULL;NULL
13;BOLIVAR;13042;ARENAL;1;13;SUR DE BOLÍVAR
13;BOLIVAR;13052;ARJONA;0;NULL;NULL
13;BOLIVAR;13062;ARROYOHONDO;0;NULL;NULL
13;BOLIVAR;13074;BARRANCO DE LOBA;0;NULL;NULL
13;BOLIVAR;13140;CALAMAR;0;NULL;NULL
13;BOLIVAR;13160;CANTAGALLO;1;13;SUR DE BOLÍVAR
13;BOLIVAR;13188;CICUCO;0;NULL;NULL
13;BOLIVAR;13212;CÓRDOBA;1;8;MONTES DE MARÍA
13;BOLIVAR;13222;CLEMENCIA;0;NULL;NULL
13;BOLIVAR;13244;EL CARMEN DE BOLÍVAR;1;8;MONTES DE MARÍA
13;BOLIVAR;13248;EL GUAMO;1;8;MONTES DE MARÍA
13;BOLIVAR;13268;EL PEÑÓN;0;NULL;NULL
13;BOLIVAR;13300;HATILLO DE LOBA;0;NULL;NULL
13;BOLIVAR;13430;MAGANGUÉ;0;NULL;NULL
13;BOLIVAR;13433;MAHATES;0;NULL;NULL
13;BOLIVAR;13440;MARGARITA;0;NULL;NULL
13;BOLIVAR;13442;MARÍA LA BAJA;1;8;MONTES DE MARÍA
13;BOLIVAR;13458;MONTECRISTO;0;NULL;NULL
13;BOLIVAR;13468;MOMPÓS;0;NULL;NULL
13;BOLIVAR;13473;MORALES;1;13;SUR DE BOLÍVAR
13;BOLIVAR;13490;NOROSÍ;0;NULL;NULL
13;BOLIVAR;13549;PINILLOS;0;NULL;NULL
13;BOLIVAR;13580;REGIDOR;0;NULL;NULL
13;BOLIVAR;13600;RÍO VIEJO;0;NULL;NULL
13;BOLIVAR;13620;SAN CRISTÓBAL;0;NULL;NULL
13;BOLIVAR;13647;SAN ESTANISLAO;0;NULL;NULL
13;BOLIVAR;13650;SAN FERNANDO;0;NULL;NULL
13;BOLIVAR;13654;SAN JACINTO;1;8;MONTES DE MARÍA
13;BOLIVAR;13655;SAN JACINTO DEL CAUCA;0;NULL;NULL
13;BOLIVAR;13657;SAN JUAN NEPOMUCENO;1;8;MONTES DE MARÍA
13;BOLIVAR;13667;SAN MARTÍN DE LOBA;0;NULL;NULL
13;BOLIVAR;13670;SAN PABLO;1;13;SUR DE BOLÍVAR
13;BOLIVAR;13673;SANTA CATALINA;0;NULL;NULL
13;BOLIVAR;13683;SANTA ROSA;0;NULL;NULL
13;BOLIVAR;13688;SANTA ROSA DEL SUR;1;13;SUR DE BOLÍVAR
13;BOLIVAR;13744;SIMITÍ;1;13;SUR DE BOLÍVAR
13;BOLIVAR;13760;SOPLAVIENTO;0;NULL;NULL
13;BOLIVAR;13780;TALAIGUA NUEVO;0;NULL;NULL
13;BOLIVAR;13810;TIQUISIO;0;NULL;NULL
13;BOLIVAR;13836;TURBACO;0;NULL;NULL
13;BOLIVAR;13838;TURBANÁ;0;NULL;NULL
13;BOLIVAR;13873;VILLANUEVA;0;NULL;NULL
13;BOLIVAR;13894;ZAMBRANO;1;8;MONTES DE MARÍA
15;BOYACÁ;15001;TUNJA;0;NULL;NULL
15;BOYACÁ;15022;ALMEIDA;0;NULL;NULL
15;BOYACÁ;15047;AQUITANIA;0;NULL;NULL
15;BOYACÁ;15051;ARCABUCO;0;NULL;NULL
15;BOYACÁ;15087;BELÉN;0;NULL;NULL
15;BOYACÁ;15090;BERBEO;0;NULL;NULL
15;BOYACÁ;15092;BETÉITIVA;0;NULL;NULL
15;BOYACÁ;15097;BOAVITA;0;NULL;NULL
15;BOYACÁ;15104;BOYACÁ;0;NULL;NULL
15;BOYACÁ;15106;BRICEÑO;0;NULL;NULL
15;BOYACÁ;15109;BUENAVISTA;0;NULL;NULL
15;BOYACÁ;15114;BUSBANZÁ;0;NULL;NULL
15;BOYACÁ;15131;CALDAS;0;NULL;NULL
15;BOYACÁ;15135;CAMPOHERMOSO;0;NULL;NULL
15;BOYACÁ;15162;CERINZA;0;NULL;NULL
15;BOYACÁ;15172;CHINAVITA;0;NULL;NULL
15;BOYACÁ;15176;CHIQUINQUIRÁ;0;NULL;NULL
15;BOYACÁ;15180;CHISCAS;0;NULL;NULL
15;BOYACÁ;15183;CHITA;0;NULL;NULL
15;BOYACÁ;15185;CHITARAQUE;0;NULL;NULL
15;BOYACÁ;15187;CHIVATÁ;0;NULL;NULL
15;BOYACÁ;15189;CIÉNEGA;0;NULL;NULL
15;BOYACÁ;15204;CÓMBITA;0;NULL;NULL
15;BOYACÁ;15212;COPER;0;NULL;NULL
15;BOYACÁ;15215;CORRALES;0;NULL;NULL
15;BOYACÁ;15218;COVARACHÍA;0;NULL;NULL
15;BOYACÁ;15223;CUBARÁ;0;NULL;NULL
15;BOYACÁ;15224;CUCAITA;0;NULL;NULL
15;BOYACÁ;15226;CUÍTIVA;0;NULL;NULL
15;BOYACÁ;15232;CHÍQUIZA;0;NULL;NULL
15;BOYACÁ;15236;CHIVOR;0;NULL;NULL
15;BOYACÁ;15238;DUITAMA;0;NULL;NULL
15;BOYACÁ;15244;EL COCUY;0;NULL;NULL
15;BOYACÁ;15248;EL ESPINO;0;NULL;NULL
15;BOYACÁ;15272;FIRAVITOBA;0;NULL;NULL
15;BOYACÁ;15276;FLORESTA;0;NULL;NULL
15;BOYACÁ;15293;GACHANTIVÁ;0;NULL;NULL
15;BOYACÁ;15296;GÁMEZA;0;NULL;NULL
15;BOYACÁ;15299;GARAGOA;0;NULL;NULL
15;BOYACÁ;15317;GUACAMAYAS;0;NULL;NULL
15;BOYACÁ;15322;GUATEQUE;0;NULL;NULL
15;BOYACÁ;15325;GUAYATÁ;0;NULL;NULL
15;BOYACÁ;15332;GÜICÁN;0;NULL;NULL
15;BOYACÁ;15362;IZA;0;NULL;NULL
15;BOYACÁ;15367;JENESANO;0;NULL;NULL
15;BOYACÁ;15368;JERICÓ;0;NULL;NULL
15;BOYACÁ;15377;LABRANZAGRANDE;0;NULL;NULL
15;BOYACÁ;15380;LA CAPILLA;0;NULL;NULL
15;BOYACÁ;15401;LA VICTORIA;0;NULL;NULL
15;BOYACÁ;15403;LA UVITA;0;NULL;NULL
15;BOYACÁ;15407;VILLA DE LEYVA;0;NULL;NULL
15;BOYACÁ;15425;MACANAL;0;NULL;NULL
15;BOYACÁ;15442;MARIPÍ;0;NULL;NULL
15;BOYACÁ;15455;MIRAFLORES;0;NULL;NULL
15;BOYACÁ;15464;MONGUA;0;NULL;NULL
15;BOYACÁ;15466;MONGUÍ;0;NULL;NULL
15;BOYACÁ;15469;MONIQUIRÁ;0;NULL;NULL
15;BOYACÁ;15476;MOTAVITA;0;NULL;NULL
15;BOYACÁ;15480;MUZO;0;NULL;NULL
15;BOYACÁ;15491;NOBSA;0;NULL;NULL
15;BOYACÁ;15494;NUEVO COLÓN;0;NULL;NULL
15;BOYACÁ;15500;OICATÁ;0;NULL;NULL
15;BOYACÁ;15507;OTANCHE;0;NULL;NULL
15;BOYACÁ;15511;PACHAVITA;0;NULL;NULL
15;BOYACÁ;15514;PÁEZ;0;NULL;NULL
15;BOYACÁ;15516;PAIPA;0;NULL;NULL
15;BOYACÁ;15518;PAJARITO;0;NULL;NULL
15;BOYACÁ;15522;PANQUEBA;0;NULL;NULL
15;BOYACÁ;15531;PAUNA;0;NULL;NULL
15;BOYACÁ;15533;PAYA;0;NULL;NULL
15;BOYACÁ;15537;PAZ DE RÍO;0;NULL;NULL
15;BOYACÁ;15542;PESCA;0;NULL;NULL
15;BOYACÁ;15550;PISBA;0;NULL;NULL
15;BOYACÁ;15572;PUERTO BOYACÁ;0;NULL;NULL
15;BOYACÁ;15580;QUÍPAMA;0;NULL;NULL
15;BOYACÁ;15599;RAMIRIQUÍ;0;NULL;NULL
15;BOYACÁ;15600;RÁQUIRA;0;NULL;NULL
15;BOYACÁ;15621;RONDÓN;0;NULL;NULL
15;BOYACÁ;15632;SABOYÁ;0;NULL;NULL
15;BOYACÁ;15638;SÁCHICA;0;NULL;NULL
15;BOYACÁ;15646;SAMACÁ;0;NULL;NULL
15;BOYACÁ;15660;SAN EDUARDO;0;NULL;NULL
15;BOYACÁ;15664;SAN JOSÉ DE PARE;0;NULL;NULL
15;BOYACÁ;15667;SAN LUIS DE GACENO;0;NULL;NULL
15;BOYACÁ;15673;SAN MATEO;0;NULL;NULL
15;BOYACÁ;15676;SAN MIGUEL DE SEMA;0;NULL;NULL
15;BOYACÁ;15681;SAN PABLO DE BORBUR;0;NULL;NULL
15;BOYACÁ;15686;SANTANA;0;NULL;NULL
15;BOYACÁ;15690;SANTA MARÍA;0;NULL;NULL
15;BOYACÁ;15693;SANTA ROSA DE VITERBO;0;NULL;NULL
15;BOYACÁ;15696;SANTA SOFÍA;0;NULL;NULL
15;BOYACÁ;15720;SATIVANORTE;0;NULL;NULL
15;BOYACÁ;15723;SATIVASUR;0;NULL;NULL
15;BOYACÁ;15740;SIACHOQUE;0;NULL;NULL
15;BOYACÁ;15753;SOATÁ;0;NULL;NULL
15;BOYACÁ;15755;SOCOTÁ;0;NULL;NULL
15;BOYACÁ;15757;SOCHA;0;NULL;NULL
15;BOYACÁ;15759;SOGAMOSO;0;NULL;NULL
15;BOYACÁ;15761;SOMONDOCO;0;NULL;NULL
15;BOYACÁ;15762;SORA;0;NULL;NULL
15;BOYACÁ;15763;SOTAQUIRÁ;0;NULL;NULL
15;BOYACÁ;15764;SORACÁ;0;NULL;NULL
15;BOYACÁ;15774;SUSACÓN;0;NULL;NULL
15;BOYACÁ;15776;SUTAMARCHÁN;0;NULL;NULL
15;BOYACÁ;15778;SUTATENZA;0;NULL;NULL
15;BOYACÁ;15790;TASCO;0;NULL;NULL
15;BOYACÁ;15798;TENZA;0;NULL;NULL
15;BOYACÁ;15804;TIBANÁ;0;NULL;NULL
15;BOYACÁ;15806;TIBASOSA;0;NULL;NULL
15;BOYACÁ;15808;TINJACÁ;0;NULL;NULL
15;BOYACÁ;15810;TIPACOQUE;0;NULL;NULL
15;BOYACÁ;15814;TOCA;0;NULL;NULL
15;BOYACÁ;15816;TOGÜÍ;0;NULL;NULL
15;BOYACÁ;15820;TÓPAGA;0;NULL;NULL
15;BOYACÁ;15822;TOTA;0;NULL;NULL
15;BOYACÁ;15832;TUNUNGUÁ;0;NULL;NULL
15;BOYACÁ;15835;TURMEQUÉ;0;NULL;NULL
15;BOYACÁ;15837;TUTA;0;NULL;NULL
15;BOYACÁ;15839;TUTAZÁ;0;NULL;NULL
15;BOYACÁ;15842;ÚMBITA;0;NULL;NULL
15;BOYACÁ;15861;VENTAQUEMADA;0;NULL;NULL
15;BOYACÁ;15879;VIRACACHÁ;0;NULL;NULL
15;BOYACÁ;15897;ZETAQUIRA;0;NULL;NULL
17;CALDAS;17001;MANIZALES;0;NULL;NULL
17;CALDAS;17013;AGUADAS;0;NULL;NULL
17;CALDAS;17042;ANSERMA;0;NULL;NULL
17;CALDAS;17050;ARANZAZU;0;NULL;NULL
17;CALDAS;17088;BELALCÁZAR;0;NULL;NULL
17;CALDAS;17174;CHINCHINÁ;0;NULL;NULL
17;CALDAS;17272;FILADELFIA;0;NULL;NULL
17;CALDAS;17380;LA DORADA;0;NULL;NULL
17;CALDAS;17388;LA MERCED;0;NULL;NULL
17;CALDAS;17433;MANZANARES;0;NULL;NULL
17;CALDAS;17442;MARMATO;0;NULL;NULL
17;CALDAS;17444;MARQUETALIA;0;NULL;NULL
17;CALDAS;17446;MARULANDA;0;NULL;NULL
17;CALDAS;17486;NEIRA;0;NULL;NULL
17;CALDAS;17495;NORCASIA;0;NULL;NULL
17;CALDAS;17513;PÁCORA;0;NULL;NULL
17;CALDAS;17524;PALESTINA;0;NULL;NULL
17;CALDAS;17541;PENSILVANIA;0;NULL;NULL
17;CALDAS;17614;RIOSUCIO;0;NULL;NULL
17;CALDAS;17616;RISARALDA;0;NULL;NULL
17;CALDAS;17653;SALAMINA;0;NULL;NULL
17;CALDAS;17662;SAMANÁ;0;NULL;NULL
17;CALDAS;17665;SAN JOSÉ;0;NULL;NULL
17;CALDAS;17777;SUPÍA;0;NULL;NULL
17;CALDAS;17867;VICTORIA;0;NULL;NULL
17;CALDAS;17873;VILLAMARÍA;0;NULL;NULL
17;CALDAS;17877;VITERBO;0;NULL;NULL
18;CAQUETÁ;18001;FLORENCIA;1;6;CUENCA DEL CAGUÁN Y PIEDEMONTE CAQUETEÑO
18;CAQUETÁ;18029;ALBANIA;1;6;CUENCA DEL CAGUÁN Y PIEDEMONTE CAQUETEÑO
18;CAQUETÁ;18094;BELÉN DE LOS ANDAQUÍES;1;6;CUENCA DEL CAGUÁN Y PIEDEMONTE CAQUETEÑO
18;CAQUETÁ;18150;CARTAGENA DEL CHAIRÁ;1;6;CUENCA DEL CAGUÁN Y PIEDEMONTE CAQUETEÑO
18;CAQUETÁ;18205;CURILLO;1;6;CUENCA DEL CAGUÁN Y PIEDEMONTE CAQUETEÑO
18;CAQUETÁ;18247;EL DONCELLO;1;6;CUENCA DEL CAGUÁN Y PIEDEMONTE CAQUETEÑO
18;CAQUETÁ;18256;EL PAUJÍL;1;6;CUENCA DEL CAGUÁN Y PIEDEMONTE CAQUETEÑO
18;CAQUETÁ;18410;LA MONTAÑITA;1;6;CUENCA DEL CAGUÁN Y PIEDEMONTE CAQUETEÑO
18;CAQUETÁ;18460;MILÁN;1;6;CUENCA DEL CAGUÁN Y PIEDEMONTE CAQUETEÑO
18;CAQUETÁ;18479;MORELIA;1;6;CUENCA DEL CAGUÁN Y PIEDEMONTE CAQUETEÑO
18;CAQUETÁ;18592;PUERTO RICO;1;6;CUENCA DEL CAGUÁN Y PIEDEMONTE CAQUETEÑO
18;CAQUETÁ;18610;SAN JOSÉ DEL FRAGUA;1;6;CUENCA DEL CAGUÁN Y PIEDEMONTE CAQUETEÑO
18;CAQUETÁ;18753;SAN VICENTE DEL CAGUÁN;1;6;CUENCA DEL CAGUÁN Y PIEDEMONTE CAQUETEÑO
18;CAQUETÁ;18756;SOLANO;1;6;CUENCA DEL CAGUÁN Y PIEDEMONTE CAQUETEÑO
18;CAQUETÁ;18785;SOLITA;1;6;CUENCA DEL CAGUÁN Y PIEDEMONTE CAQUETEÑO
18;CAQUETÁ;18860;VALPARAÍSO;1;6;CUENCA DEL CAGUÁN Y PIEDEMONTE CAQUETEÑO
19;CAUCA;19001;POPAYÁN;0;NULL;NULL
19;CAUCA;19022;ALMAGUER;0;NULL;NULL
19;CAUCA;19050;ARGELIA;1;1;ALTO PATÍA Y NORTE DEL CAUCA
19;CAUCA;19075;BALBOA;1;1;ALTO PATÍA Y NORTE DEL CAUCA
19;CAUCA;19100;BOLÍVAR;0;NULL;NULL
19;CAUCA;19110;BUENOS AIRES;1;1;ALTO PATÍA Y NORTE DEL CAUCA
19;CAUCA;19130;CAJIBÍO;1;1;ALTO PATÍA Y NORTE DEL CAUCA
19;CAUCA;19137;CALDONO;1;1;ALTO PATÍA Y NORTE DEL CAUCA
19;CAUCA;19142;CALOTO;1;1;ALTO PATÍA Y NORTE DEL CAUCA
19;CAUCA;19212;CORINTO;1;1;ALTO PATÍA Y NORTE DEL CAUCA
19;CAUCA;19256;EL TAMBO;1;1;ALTO PATÍA Y NORTE DEL CAUCA
19;CAUCA;19290;FLORENCIA;0;NULL;NULL
19;CAUCA;19300;GUACHENÉ;0;NULL;NULL
19;CAUCA;19318;GUAPI;1;9;PACÍFICO MEDIO
19;CAUCA;19355;INZÁ;0;NULL;NULL
19;CAUCA;19364;JAMBALÓ;1;1;ALTO PATÍA Y NORTE DEL CAUCA
19;CAUCA;19392;LA SIERRA;0;NULL;NULL
19;CAUCA;19397;LA VEGA;0;NULL;NULL
19;CAUCA;19418;LÓPEZ DE MICAY;1;9;PACÍFICO MEDIO
19;CAUCA;19450;MERCADERES;1;1;ALTO PATÍA Y NORTE DEL CAUCA
19;CAUCA;19455;MIRANDA;1;1;ALTO PATÍA Y NORTE DEL CAUCA
19;CAUCA;19473;MORALES;1;1;ALTO PATÍA Y NORTE DEL CAUCA
19;CAUCA;19513;PADILLA;0;NULL;NULL
19;CAUCA;19517;PÁEZ;0;NULL;NULL
19;CAUCA;19532;PATÍA;1;1;ALTO PATÍA Y NORTE DEL CAUCA
19;CAUCA;19533;PIAMONTE;0;NULL;NULL
19;CAUCA;19548;PIENDAMÓ;1;1;ALTO PATÍA Y NORTE DEL CAUCA
19;CAUCA;19573;PUERTO TEJADA;0;NULL;NULL
19;CAUCA;19585;PURACÉ;0;NULL;NULL
19;CAUCA;19622;ROSAS;0;NULL;NULL
19;CAUCA;19693;SAN SEBASTIÁN;0;NULL;NULL
19;CAUCA;19698;SANTANDER DE QUILICHAO;1;1;ALTO PATÍA Y NORTE DEL CAUCA
19;CAUCA;19701;SANTA ROSA;0;NULL;NULL
19;CAUCA;19743;SILVIA;0;NULL;NULL
19;CAUCA;19760;SOTARA;0;NULL;NULL
19;CAUCA;19780;SUÁREZ;1;1;ALTO PATÍA Y NORTE DEL CAUCA
19;CAUCA;19785;SUCRE;0;NULL;NULL
19;CAUCA;19807;TIMBÍO;0;NULL;NULL
19;CAUCA;19809;TIMBIQUÍ;1;9;PACÍFICO MEDIO
19;CAUCA;19821;TORIBÍO;1;1;ALTO PATÍA Y NORTE DEL CAUCA
19;CAUCA;19824;TOTORÓ;0;NULL;NULL
19;CAUCA;19845;VILLA RICA;0;NULL;NULL
20;CESAR;20001;VALLEDUPAR;1;12;SIERRA NEVADA - PERIJÁ
20;CESAR;20011;AGUACHICA;0;NULL;NULL
20;CESAR;20013;AGUSTÍN CODAZZI;1;12;SIERRA NEVADA - PERIJÁ
20;CESAR;20032;ASTREA;0;NULL;NULL
20;CESAR;20045;BECERRIL;1;12;SIERRA NEVADA - PERIJÁ
20;CESAR;20060;BOSCONIA;0;NULL;NULL
20;CESAR;20175;CHIMICHAGUA;0;NULL;NULL
20;CESAR;20178;CHIRIGUANÁ;0;NULL;NULL
20;CESAR;20228;CURUMANÍ;0;NULL;NULL
20;CESAR;20238;EL COPEY;0;NULL;NULL
20;CESAR;20250;EL PASO;0;NULL;NULL
20;CESAR;20295;GAMARRA;0;NULL;NULL
20;CESAR;20310;GONZÁLEZ;0;NULL;NULL
20;CESAR;20383;LA GLORIA;0;NULL;NULL
20;CESAR;20400;LA JAGUA DE IBIRICO;1;12;SIERRA NEVADA - PERIJÁ
20;CESAR;20443;MANAURE BALCÓN DEL CESAR;1;12;SIERRA NEVADA - PERIJÁ
20;CESAR;20517;PAILITAS;0;NULL;NULL
20;CESAR;20550;PELAYA;0;NULL;NULL
20;CESAR;20570;PUEBLO BELLO;1;12;SIERRA NEVADA - PERIJÁ
20;CESAR;20614;RÍO DE ORO;0;NULL;NULL
20;CESAR;20621;LA PAZ;1;12;SIERRA NEVADA - PERIJÁ
20;CESAR;20710;SAN ALBERTO;0;NULL;NULL
20;CESAR;20750;SAN DIEGO;1;12;SIERRA NEVADA - PERIJÁ
20;CESAR;20770;SAN MARTÍN;0;NULL;NULL
20;CESAR;20787;TAMALAMEQUE;0;NULL;NULL
23;CORDOBA;23001;MONTERÍA;0;NULL;NULL
23;CORDOBA;23068;AYAPEL;0;NULL;NULL
23;CORDOBA;23079;BUENAVISTA;0;NULL;NULL
23;CORDOBA;23090;CANALETE;0;NULL;NULL
23;CORDOBA;23162;CERETÉ;0;NULL;NULL
23;CORDOBA;23168;CHIMÁ;0;NULL;NULL
23;CORDOBA;23182;CHINÚ;0;NULL;NULL
23;CORDOBA;23189;CIÉNAGA DE ORO;0;NULL;NULL
23;CORDOBA;23300;COTORRA;0;NULL;NULL
23;CORDOBA;23350;LA APARTADA;0;NULL;NULL
23;CORDOBA;23417;LORICA;0;NULL;NULL
23;CORDOBA;23419;LOS CÓRDOBAS;0;NULL;NULL
23;CORDOBA;23464;MOMIL;0;NULL;NULL
23;CORDOBA;23466;MONTELÍBANO;1;14;SUR DE CÓRDOBA
23;CORDOBA;23500;MOÑITOS;0;NULL;NULL
23;CORDOBA;23555;PLANETA RICA;0;NULL;NULL
23;CORDOBA;23570;PUEBLO NUEVO;0;NULL;NULL
23;CORDOBA;23574;PUERTO ESCONDIDO;0;NULL;NULL
23;CORDOBA;23580;PUERTO LIBERTADOR;1;14;SUR DE CÓRDOBA
23;CORDOBA;23586;PURÍSIMA DE LA CONCEPCIÓN;0;NULL;NULL
23;CORDOBA;23660;SAHAGÚN;0;NULL;NULL
23;CORDOBA;23670;SAN ANDRÉS DE SOTAVENTO;0;NULL;NULL
23;CORDOBA;23672;SAN ANTERO;0;NULL;NULL
23;CORDOBA;23675;SAN BERNARDO DEL VIENTO;0;NULL;NULL
23;CORDOBA;23678;SAN CARLOS;0;NULL;NULL
23;CORDOBA;23682;SAN JOSÉ DE URÉ;1;14;SUR DE CÓRDOBA
23;CORDOBA;23686;SAN PELAYO;0;NULL;NULL
23;CORDOBA;23807;TIERRALTA;1;14;SUR DE CÓRDOBA
23;CORDOBA;23815;TUCHÍN;0;NULL;NULL
23;CORDOBA;23855;VALENCIA;1;14;SUR DE CÓRDOBA
25;CUNDINAMARCA;25001;AGUA DE DIOS;0;NULL;NULL
25;CUNDINAMARCA;25019;ALBÁN;0;NULL;NULL
25;CUNDINAMARCA;25035;ANAPOIMA;0;NULL;NULL
25;CUNDINAMARCA;25040;ANOLAIMA;0;NULL;NULL
25;CUNDINAMARCA;25053;ARBELÁEZ;0;NULL;NULL
25;CUNDINAMARCA;25086;BELTRÁN;0;NULL;NULL
25;CUNDINAMARCA;25095;BITUIMA;0;NULL;NULL
25;CUNDINAMARCA;25099;BOJACÁ;0;NULL;NULL
25;CUNDINAMARCA;25120;CABRERA;0;NULL;NULL
25;CUNDINAMARCA;25123;CACHIPAY;0;NULL;NULL
25;CUNDINAMARCA;25126;CAJICÁ;0;NULL;NULL
25;CUNDINAMARCA;25148;CAPARRAPÍ;0;NULL;NULL
25;CUNDINAMARCA;25151;CÁQUEZA;0;NULL;NULL
25;CUNDINAMARCA;25154;CARMEN DE CARUPA;0;NULL;NULL
25;CUNDINAMARCA;25168;CHAGUANÍ;0;NULL;NULL
25;CUNDINAMARCA;25175;CHÍA;0;NULL;NULL
25;CUNDINAMARCA;25178;CHIPAQUE;0;NULL;NULL
25;CUNDINAMARCA;25181;CHOACHÍ;0;NULL;NULL
25;CUNDINAMARCA;25183;CHOCONTÁ;0;NULL;NULL
25;CUNDINAMARCA;25200;COGUA;0;NULL;NULL
25;CUNDINAMARCA;25214;COTA;0;NULL;NULL
25;CUNDINAMARCA;25224;CUCUNUBÁ;0;NULL;NULL
25;CUNDINAMARCA;25245;EL COLEGIO;0;NULL;NULL
25;CUNDINAMARCA;25258;EL PEÑÓN;0;NULL;NULL
25;CUNDINAMARCA;25260;EL ROSAL;0;NULL;NULL
25;CUNDINAMARCA;25269;FACATATIVÁ;0;NULL;NULL
25;CUNDINAMARCA;25279;FÓMEQUE;0;NULL;NULL
25;CUNDINAMARCA;25281;FOSCA;0;NULL;NULL
25;CUNDINAMARCA;25286;FUNZA;0;NULL;NULL
25;CUNDINAMARCA;25288;FÚQUENE;0;NULL;NULL
25;CUNDINAMARCA;25290;FUSAGASUGÁ;0;NULL;NULL
25;CUNDINAMARCA;25293;GACHALÁ;0;NULL;NULL
25;CUNDINAMARCA;25295;GACHANCIPÁ;0;NULL;NULL
25;CUNDINAMARCA;25297;GACHETÁ;0;NULL;NULL
25;CUNDINAMARCA;25299;GAMA;0;NULL;NULL
25;CUNDINAMARCA;25307;GIRARDOT;0;NULL;NULL
25;CUNDINAMARCA;25312;GRANADA;0;NULL;NULL
25;CUNDINAMARCA;25317;GUACHETÁ;0;NULL;NULL
25;CUNDINAMARCA;25320;GUADUAS;0;NULL;NULL
25;CUNDINAMARCA;25322;GUASCA;0;NULL;NULL
25;CUNDINAMARCA;25324;GUATAQUÍ;0;NULL;NULL
25;CUNDINAMARCA;25326;GUATAVITA;0;NULL;NULL
25;CUNDINAMARCA;25328;GUAYABAL DE SÍQUIMA;0;NULL;NULL
25;CUNDINAMARCA;25335;GUAYABETAL;0;NULL;NULL
25;CUNDINAMARCA;25339;GUTIÉRREZ;0;NULL;NULL
25;CUNDINAMARCA;25368;JERUSALÉN;0;NULL;NULL
25;CUNDINAMARCA;25372;JUNÍN;0;NULL;NULL
25;CUNDINAMARCA;25377;LA CALERA;0;NULL;NULL
25;CUNDINAMARCA;25386;LA MESA;0;NULL;NULL
25;CUNDINAMARCA;25394;LA PALMA;0;NULL;NULL
25;CUNDINAMARCA;25398;LA PEÑA;0;NULL;NULL
25;CUNDINAMARCA;25402;LA VEGA;0;NULL;NULL
25;CUNDINAMARCA;25407;LENGUAZAQUE;0;NULL;NULL
25;CUNDINAMARCA;25426;MACHETÁ;0;NULL;NULL
25;CUNDINAMARCA;25430;MADRID;0;NULL;NULL
25;CUNDINAMARCA;25436;MANTA;0;NULL;NULL
25;CUNDINAMARCA;25438;MEDINA;0;NULL;NULL
25;CUNDINAMARCA;25473;MOSQUERA;0;NULL;NULL
25;CUNDINAMARCA;25483;NARIÑO;0;NULL;NULL
25;CUNDINAMARCA;25486;NEMOCÓN;0;NULL;NULL
25;CUNDINAMARCA;25488;NILO;0;NULL;NULL
25;CUNDINAMARCA;25489;NIMAIMA;0;NULL;NULL
25;CUNDINAMARCA;25491;NOCAIMA;0;NULL;NULL
25;CUNDINAMARCA;25506;VENECIA;0;NULL;NULL
25;CUNDINAMARCA;25513;PACHO;0;NULL;NULL
25;CUNDINAMARCA;25518;PAIME;0;NULL;NULL
25;CUNDINAMARCA;25524;PANDI;0;NULL;NULL
25;CUNDINAMARCA;25530;PARATEBUENO;0;NULL;NULL
25;CUNDINAMARCA;25535;PASCA;0;NULL;NULL
25;CUNDINAMARCA;25572;PUERTO SALGAR;0;NULL;NULL
25;CUNDINAMARCA;25580;PULÍ;0;NULL;NULL
25;CUNDINAMARCA;25592;QUEBRADANEGRA;0;NULL;NULL
25;CUNDINAMARCA;25594;QUETAME;0;NULL;NULL
25;CUNDINAMARCA;25596;QUIPILE;0;NULL;NULL
25;CUNDINAMARCA;25599;APULO;0;NULL;NULL
25;CUNDINAMARCA;25612;RICAURTE;0;NULL;NULL
25;CUNDINAMARCA;25645;SAN ANTONIO DEL TEQUENDAMA;0;NULL;NULL
25;CUNDINAMARCA;25649;SAN BERNARDO;0;NULL;NULL
25;CUNDINAMARCA;25653;SAN CAYETANO;0;NULL;NULL
25;CUNDINAMARCA;25658;SAN FRANCISCO;0;NULL;NULL
25;CUNDINAMARCA;25662;SAN JUAN DE RIOSECO;0;NULL;NULL
25;CUNDINAMARCA;25718;SASAIMA;0;NULL;NULL
25;CUNDINAMARCA;25736;SESQUILÉ;0;NULL;NULL
25;CUNDINAMARCA;25740;SIBATÉ;0;NULL;NULL
25;CUNDINAMARCA;25743;SILVANIA;0;NULL;NULL
25;CUNDINAMARCA;25745;SIMIJACA;0;NULL;NULL
25;CUNDINAMARCA;25754;SOACHA;0;NULL;NULL
25;CUNDINAMARCA;25758;SOPÓ;0;NULL;NULL
25;CUNDINAMARCA;25769;SUBACHOQUE;0;NULL;NULL
25;CUNDINAMARCA;25772;SUESCA;0;NULL;NULL
25;CUNDINAMARCA;25777;SUPATÁ;0;NULL;NULL
25;CUNDINAMARCA;25779;SUSA;0;NULL;NULL
25;CUNDINAMARCA;25781;SUTATAUSA;0;NULL;NULL
25;CUNDINAMARCA;25785;TABIO;0;NULL;NULL
25;CUNDINAMARCA;25793;TAUSA;0;NULL;NULL
25;CUNDINAMARCA;25797;TENA;0;NULL;NULL
25;CUNDINAMARCA;25799;TENJO;0;NULL;NULL
25;CUNDINAMARCA;25805;TIBACUY;0;NULL;NULL
25;CUNDINAMARCA;25807;TIBIRITA;0;NULL;NULL
25;CUNDINAMARCA;25815;TOCAIMA;0;NULL;NULL
25;CUNDINAMARCA;25817;TOCANCIPÁ;0;NULL;NULL
25;CUNDINAMARCA;25823;TOPAIPÍ;0;NULL;NULL
25;CUNDINAMARCA;25839;UBALÁ;0;NULL;NULL
25;CUNDINAMARCA;25841;UBAQUE;0;NULL;NULL
25;CUNDINAMARCA;25843;VILLA DE SAN DIEGO DE UBATÉ;0;NULL;NULL
25;CUNDINAMARCA;25845;UNE;0;NULL;NULL
25;CUNDINAMARCA;25851;ÚTICA;0;NULL;NULL
25;CUNDINAMARCA;25862;VERGARA;0;NULL;NULL
25;CUNDINAMARCA;25867;VIANÍ;0;NULL;NULL
25;CUNDINAMARCA;25871;VILLAGÓMEZ;0;NULL;NULL
25;CUNDINAMARCA;25873;VILLAPINZÓN;0;NULL;NULL
25;CUNDINAMARCA;25875;VILLETA;0;NULL;NULL
25;CUNDINAMARCA;25878;VIOTÁ;0;NULL;NULL
25;CUNDINAMARCA;25885;YACOPÍ;0;NULL;NULL
25;CUNDINAMARCA;25898;ZIPACÓN;0;NULL;NULL
25;CUNDINAMARCA;25899;ZIPAQUIRÁ;0;NULL;NULL
27;CHOCÓ;27001;QUIBDÓ;0;NULL;NULL
27;CHOCÓ;27006;ACANDÍ;1;5;CHOCÓ
27;CHOCÓ;27025;ALTO BAUDÓ;0;NULL;NULL
27;CHOCÓ;27050;ATRATO;0;NULL;NULL
27;CHOCÓ;27073;BAGADÓ;0;NULL;NULL
27;CHOCÓ;27075;BAHÍA SOLANO;0;NULL;NULL
27;CHOCÓ;27077;BAJO BAUDÓ;0;NULL;NULL
27;CHOCÓ;27099;BOJAYÁ;1;5;CHOCÓ
27;CHOCÓ;27135;EL CANTÓN DEL SAN PABLO;0;NULL;NULL
27;CHOCÓ;27150;CARMEN DEL DARIÉN;1;5;CHOCÓ
27;CHOCÓ;27160;CÉRTEGUI;0;NULL;NULL
27;CHOCÓ;27205;CONDOTO;1;5;CHOCÓ
27;CHOCÓ;27245;EL CARMEN DE ATRATO;0;NULL;NULL
27;CHOCÓ;27250;EL LITORAL DEL SAN JUAN;1;5;CHOCÓ
27;CHOCÓ;27361;ISTMINA;1;5;CHOCÓ
27;CHOCÓ;27372;JURADÓ;0;NULL;NULL
27;CHOCÓ;27413;LLORÓ;0;NULL;NULL
27;CHOCÓ;27425;MEDIO ATRATO;1;5;CHOCÓ
27;CHOCÓ;27430;MEDIO BAUDÓ;0;NULL;NULL
27;CHOCÓ;27450;MEDIO SAN JUAN;1;5;CHOCÓ
27;CHOCÓ;27491;NÓVITA;1;5;CHOCÓ
27;CHOCÓ;27495;NUQUÍ;0;NULL;NULL
27;CHOCÓ;27580;RÍO IRÓ;0;NULL;NULL
27;CHOCÓ;27600;RÍO QUITO;0;NULL;NULL
27;CHOCÓ;27615;RIOSUCIO;1;5;CHOCÓ
27;CHOCÓ;27660;SAN JOSÉ DEL PALMAR;0;NULL;NULL
27;CHOCÓ;27745;SIPÍ;1;5;CHOCÓ
27;CHOCÓ;27787;TADÓ;0;NULL;NULL
27;CHOCÓ;27800;UNGUÍA;1;5;CHOCÓ
27;CHOCÓ;27810;UNIÓN PANAMERICANA;0;NULL;NULL
41;HUILA;41001;NEIVA;0;NULL;NULL
41;HUILA;41006;ACEVEDO;0;NULL;NULL
41;HUILA;41013;AGRADO;0;NULL;NULL
41;HUILA;41016;AIPE;0;NULL;NULL
41;HUILA;41020;ALGECIRAS;1;6;CUENCA DEL CAGUÁN Y PIEDEMONTE CAQUETEÑO
41;HUILA;41026;ALTAMIRA;0;NULL;NULL
41;HUILA;41078;BARAYA;0;NULL;NULL
41;HUILA;41132;CAMPOALEGRE;0;NULL;NULL
41;HUILA;41206;COLOMBIA;0;NULL;NULL
41;HUILA;41244;ELÍAS;0;NULL;NULL
41;HUILA;41298;GARZÓN;0;NULL;NULL
41;HUILA;41306;GIGANTE;0;NULL;NULL
41;HUILA;41319;GUADALUPE;0;NULL;NULL
41;HUILA;41349;HOBO;0;NULL;NULL
41;HUILA;41357;ÍQUIRA;0;NULL;NULL
41;HUILA;41359;ISNOS;0;NULL;NULL
41;HUILA;41378;LA ARGENTINA;0;NULL;NULL
41;HUILA;41396;LA PLATA;0;NULL;NULL
41;HUILA;41483;NÁTAGA;0;NULL;NULL
41;HUILA;41503;OPORAPA;0;NULL;NULL
41;HUILA;41518;PAICOL;0;NULL;NULL
41;HUILA;41524;PALERMO;0;NULL;NULL
41;HUILA;41530;PALESTINA;0;NULL;NULL
41;HUILA;41548;PITAL;0;NULL;NULL
41;HUILA;41551;PITALITO;0;NULL;NULL
41;HUILA;41615;RIVERA;0;NULL;NULL
41;HUILA;41660;SALADOBLANCO;0;NULL;NULL
41;HUILA;41668;SAN AGUSTÍN;0;NULL;NULL
41;HUILA;41676;SANTA MARÍA;0;NULL;NULL
41;HUILA;41770;SUAZA;0;NULL;NULL
41;HUILA;41791;TARQUI;0;NULL;NULL
41;HUILA;41797;TESALIA;0;NULL;NULL
41;HUILA;41799;TELLO;0;NULL;NULL
41;HUILA;41801;TERUEL;0;NULL;NULL
41;HUILA;41807;TIMANÁ;0;NULL;NULL
41;HUILA;41872;VILLAVIEJA;0;NULL;NULL
41;HUILA;41885;YAGUARÁ;0;NULL;NULL
44;LA GUAJIRA;44001;RIOHACHA;0;NULL;NULL
44;LA GUAJIRA;44035;ALBANIA;0;NULL;NULL
44;LA GUAJIRA;44078;BARRANCAS;0;NULL;NULL
44;LA GUAJIRA;44090;DIBULLA;1;12;SIERRA NEVADA - PERIJÁ
44;LA GUAJIRA;44098;DISTRACCIÓN;0;NULL;NULL
44;LA GUAJIRA;44110;EL MOLINO;0;NULL;NULL
44;LA GUAJIRA;44279;FONSECA;1;12;SIERRA NEVADA - PERIJÁ
44;LA GUAJIRA;44378;HATONUEVO;0;NULL;NULL
44;LA GUAJIRA;44420;LA JAGUA DEL PILAR;0;NULL;NULL
44;LA GUAJIRA;44430;MAICAO;0;NULL;NULL
44;LA GUAJIRA;44560;MANAURE;0;NULL;NULL
44;LA GUAJIRA;44650;SAN JUAN DEL CESAR;1;12;SIERRA NEVADA - PERIJÁ
44;LA GUAJIRA;44847;URIBIA;0;NULL;NULL
44;LA GUAJIRA;44855;URUMITA;0;NULL;NULL
44;LA GUAJIRA;44874;VILLANUEVA;0;NULL;NULL
47;MAGDALENA;47001;SANTA MARTA;1;12;SIERRA NEVADA - PERIJÁ
47;MAGDALENA;47030;ALGARROBO;0;NULL;NULL
47;MAGDALENA;47053;ARACATACA;1;12;SIERRA NEVADA - PERIJÁ
47;MAGDALENA;47058;ARIGUANÍ;0;NULL;NULL
47;MAGDALENA;47161;CERRO DE SAN ANTONIO;0;NULL;NULL
47;MAGDALENA;47170;CHIVOLO;0;NULL;NULL
47;MAGDALENA;47189;CIÉNAGA;1;12;SIERRA NEVADA - PERIJÁ
47;MAGDALENA;47205;CONCORDIA;0;NULL;NULL
47;MAGDALENA;47245;EL BANCO;0;NULL;NULL
47;MAGDALENA;47258;EL PIÑÓN;0;NULL;NULL
47;MAGDALENA;47268;EL RETÉN;0;NULL;NULL
47;MAGDALENA;47288;FUNDACIÓN;1;12;SIERRA NEVADA - PERIJÁ
47;MAGDALENA;47318;GUAMAL;0;NULL;NULL
47;MAGDALENA;47460;NUEVA GRANADA;0;NULL;NULL
47;MAGDALENA;47541;PEDRAZA;0;NULL;NULL
47;MAGDALENA;47545;PIJIÑO DEL CARMEN;0;NULL;NULL
47;MAGDALENA;47551;PIVIJAY;0;NULL;NULL
47;MAGDALENA;47555;PLATO;0;NULL;NULL
47;MAGDALENA;47570;PUEBLOVIEJO;0;NULL;NULL
47;MAGDALENA;47605;REMOLINO;0;NULL;NULL
47;MAGDALENA;47660;SABANAS DE SAN ÁNGEL;0;NULL;NULL
47;MAGDALENA;47675;SALAMINA;0;NULL;NULL
47;MAGDALENA;47692;SAN SEBASTIÁN DE BUENAVISTA;0;NULL;NULL
47;MAGDALENA;47703;SAN ZENÓN;0;NULL;NULL
47;MAGDALENA;47707;SANTA ANA;0;NULL;NULL
47;MAGDALENA;47720;SANTA BÁRBARA DE PINTO;0;NULL;NULL
47;MAGDALENA;47745;SITIONUEVO;0;NULL;NULL
47;MAGDALENA;47798;TENERIFE;0;NULL;NULL
47;MAGDALENA;47960;ZAPAYÁN;0;NULL;NULL
47;MAGDALENA;47980;ZONA BANANERA;0;NULL;NULL
50;META;50001;VILLAVICENCIO;0;NULL;NULL
50;META;50006;ACACÍAS;0;NULL;NULL
50;META;50110;BARRANCA DE UPÍA;0;NULL;NULL
50;META;50124;CABUYARO;0;NULL;NULL
50;META;50150;CASTILLA LA NUEVA;0;NULL;NULL
50;META;50223;SAN LUIS DE CUBARRAL;0;NULL;NULL
50;META;50226;CUMARAL;0;NULL;NULL
50;META;50245;EL CALVARIO;0;NULL;NULL
50;META;50251;EL CASTILLO;0;NULL;NULL
50;META;50270;EL DORADO;0;NULL;NULL
50;META;50287;FUENTE DE ORO;0;NULL;NULL
50;META;50313;GRANADA;0;NULL;NULL
50;META;50318;GUAMAL;0;NULL;NULL
50;META;50325;MAPIRIPÁN;1;7;MACARENA - GUAVIARE
50;META;50330;MESETAS;1;7;MACARENA - GUAVIARE
50;META;50350;LA MACARENA;1;7;MACARENA - GUAVIARE
50;META;50370;URIBE;1;7;MACARENA - GUAVIARE
50;META;50400;LEJANÍAS;0;NULL;NULL
50;META;50450;PUERTO CONCORDIA;1;7;MACARENA - GUAVIARE
50;META;50568;PUERTO GAITÁN;0;NULL;NULL
50;META;50573;PUERTO LÓPEZ;0;NULL;NULL
50;META;50577;PUERTO LLERAS;1;7;MACARENA - GUAVIARE
50;META;50590;PUERTO RICO;1;7;MACARENA - GUAVIARE
50;META;50606;RESTREPO;0;NULL;NULL
50;META;50680;SAN CARLOS DE GUAROA;0;NULL;NULL
50;META;50683;SAN JUAN DE ARAMA;0;NULL;NULL
50;META;50686;SAN JUANITO;0;NULL;NULL
50;META;50689;SAN MARTÍN;0;NULL;NULL
50;META;50711;VISTA HERMOSA;1;7;MACARENA - GUAVIARE
52;NARIÑO;52001;PASTO;0;NULL;NULL
52;NARIÑO;52019;ALBÁN;0;NULL;NULL
52;NARIÑO;52022;ALDANA;0;NULL;NULL
52;NARIÑO;52036;ANCUYÁ;0;NULL;NULL
52;NARIÑO;52051;ARBOLEDA;0;NULL;NULL
52;NARIÑO;52079;BARBACOAS;1;10;PACÍFICO Y FRONTERA NARIÑENSE
52;NARIÑO;52083;BELÉN;0;NULL;NULL
52;NARIÑO;52110;BUESACO;0;NULL;NULL
52;NARIÑO;52203;COLÓN;0;NULL;NULL
52;NARIÑO;52207;CONSACÁ;0;NULL;NULL
52;NARIÑO;52210;CONTADERO;0;NULL;NULL
52;NARIÑO;52215;CÓRDOBA;0;NULL;NULL
52;NARIÑO;52224;CUASPÚD;0;NULL;NULL
52;NARIÑO;52227;CUMBAL;0;NULL;NULL
52;NARIÑO;52233;CUMBITARA;1;1;ALTO PATÍA Y NORTE DEL CAUCA
52;NARIÑO;52240;CHACHAGÜÍ;0;NULL;NULL
52;NARIÑO;52250;EL CHARCO;1;10;PACÍFICO Y FRONTERA NARIÑENSE
52;NARIÑO;52254;EL PEÑOL;0;NULL;NULL
52;NARIÑO;52256;EL ROSARIO;1;1;ALTO PATÍA Y NORTE DEL CAUCA
52;NARIÑO;52258;EL TABLÓN DE GÓMEZ;0;NULL;NULL
52;NARIÑO;52260;EL TAMBO;0;NULL;NULL
52;NARIÑO;52287;FUNES;0;NULL;NULL
52;NARIÑO;52317;GUACHUCAL;0;NULL;NULL
52;NARIÑO;52320;GUAITARILLA;0;NULL;NULL
52;NARIÑO;52323;GUALMATÁN;0;NULL;NULL
52;NARIÑO;52352;ILES;0;NULL;NULL
52;NARIÑO;52354;IMUÉS;0;NULL;NULL
52;NARIÑO;52356;IPIALES;0;NULL;NULL
52;NARIÑO;52378;LA CRUZ;0;NULL;NULL
52;NARIÑO;52381;LA FLORIDA;0;NULL;NULL
52;NARIÑO;52385;LA LLANADA;0;NULL;NULL
52;NARIÑO;52390;LA TOLA;1;10;PACÍFICO Y FRONTERA NARIÑENSE
52;NARIÑO;52399;LA UNIÓN;0;NULL;NULL
52;NARIÑO;52405;LEIVA;1;1;ALTO PATÍA Y NORTE DEL CAUCA
52;NARIÑO;52411;LINARES;0;NULL;NULL
52;NARIÑO;52418;LOS ANDES;1;1;ALTO PATÍA Y NORTE DEL CAUCA
52;NARIÑO;52427;MAGÜÍ;1;10;PACÍFICO Y FRONTERA NARIÑENSE
52;NARIÑO;52435;MALLAMA;0;NULL;NULL
52;NARIÑO;52473;MOSQUERA;1;10;PACÍFICO Y FRONTERA NARIÑENSE
52;NARIÑO;52480;NARIÑO;0;NULL;NULL
52;NARIÑO;52490;OLAYA HERRERA;1;10;PACÍFICO Y FRONTERA NARIÑENSE
52;NARIÑO;52506;OSPINA;0;NULL;NULL
52;NARIÑO;52520;FRANCISCO PIZARRO;1;10;PACÍFICO Y FRONTERA NARIÑENSE
52;NARIÑO;52540;POLICARPA;1;1;ALTO PATÍA Y NORTE DEL CAUCA
52;NARIÑO;52560;POTOSÍ;0;NULL;NULL
52;NARIÑO;52565;PROVIDENCIA;0;NULL;NULL
52;NARIÑO;52573;PUERRES;0;NULL;NULL
52;NARIÑO;52585;PUPIALES;0;NULL;NULL
52;NARIÑO;52612;RICAURTE;1;10;PACÍFICO Y FRONTERA NARIÑENSE
52;NARIÑO;52621;ROBERTO PAYÁN;1;10;PACÍFICO Y FRONTERA NARIÑENSE
52;NARIÑO;52678;SAMANIEGO;0;NULL;NULL
52;NARIÑO;52683;SANDONÁ;0;NULL;NULL
52;NARIÑO;52685;SAN BERNARDO;0;NULL;NULL
52;NARIÑO;52687;SAN LORENZO;0;NULL;NULL
52;NARIÑO;52693;SAN PABLO;0;NULL;NULL
52;NARIÑO;52694;SAN PEDRO DE CARTAGO;0;NULL;NULL
52;NARIÑO;52696;SANTA BÁRBARA;1;10;PACÍFICO Y FRONTERA NARIÑENSE
52;NARIÑO;52699;SANTACRUZ;0;NULL;NULL
52;NARIÑO;52720;SAPUYES;0;NULL;NULL
52;NARIÑO;52786;TAMINANGO;0;NULL;NULL
52;NARIÑO;52788;TANGUA;0;NULL;NULL
52;NARIÑO;52835;SAN ANDRÉS DE TUMACO;1;10;PACÍFICO Y FRONTERA NARIÑENSE
52;NARIÑO;52838;TÚQUERRES;0;NULL;NULL
52;NARIÑO;52885;YACUANQUER;0;NULL;NULL
54;NORTE DE SANTANDER;54001;CÚCUTA;0;NULL;NULL
54;NORTE DE SANTANDER;54003;ÁBREGO;0;NULL;NULL
54;NORTE DE SANTANDER;54051;ARBOLEDAS;0;NULL;NULL
54;NORTE DE SANTANDER;54099;BOCHALEMA;0;NULL;NULL
54;NORTE DE SANTANDER;54109;BUCARASICA;0;NULL;NULL
54;NORTE DE SANTANDER;54125;CÁCOTA;0;NULL;NULL
54;NORTE DE SANTANDER;54128;CÁCHIRA;0;NULL;NULL
54;NORTE DE SANTANDER;54172;CHINÁCOTA;0;NULL;NULL
54;NORTE DE SANTANDER;54174;CHITAGÁ;0;NULL;NULL
54;NORTE DE SANTANDER;54206;CONVENCIÓN;1;4;CATATUMBO
54;NORTE DE SANTANDER;54223;CUCUTILLA;0;NULL;NULL
54;NORTE DE SANTANDER;54239;DURANIA;0;NULL;NULL
54;NORTE DE SANTANDER;54245;EL CARMEN;1;4;CATATUMBO
54;NORTE DE SANTANDER;54250;EL TARRA;1;4;CATATUMBO
54;NORTE DE SANTANDER;54261;EL ZULIA;0;NULL;NULL
54;NORTE DE SANTANDER;54313;GRAMALOTE;0;NULL;NULL
54;NORTE DE SANTANDER;54344;HACARÍ;1;4;CATATUMBO
54;NORTE DE SANTANDER;54347;HERRÁN;0;NULL;NULL
54;NORTE DE SANTANDER;54377;LABATECA;0;NULL;NULL
54;NORTE DE SANTANDER;54385;LA ESPERANZA;0;NULL;NULL
54;NORTE DE SANTANDER;54398;LA PLAYA;0;NULL;NULL
54;NORTE DE SANTANDER;54405;LOS PATIOS;0;NULL;NULL
54;NORTE DE SANTANDER;54418;LOURDES;0;NULL;NULL
54;NORTE DE SANTANDER;54480;MUTISCUA;0;NULL;NULL
54;NORTE DE SANTANDER;54498;OCAÑA;0;NULL;NULL
54;NORTE DE SANTANDER;54518;PAMPLONA;0;NULL;NULL
54;NORTE DE SANTANDER;54520;PAMPLONITA;0;NULL;NULL
54;NORTE DE SANTANDER;54553;PUERTO SANTANDER;0;NULL;NULL
54;NORTE DE SANTANDER;54599;RAGONVALIA;0;NULL;NULL
54;NORTE DE SANTANDER;54660;SALAZAR;0;NULL;NULL
54;NORTE DE SANTANDER;54670;SAN CALIXTO;1;4;CATATUMBO
54;NORTE DE SANTANDER;54673;SAN CAYETANO;0;NULL;NULL
54;NORTE DE SANTANDER;54680;SANTIAGO;0;NULL;NULL
54;NORTE DE SANTANDER;54720;SARDINATA;1;4;CATATUMBO
54;NORTE DE SANTANDER;54743;SILOS;0;NULL;NULL
54;NORTE DE SANTANDER;54800;TEORAMA;1;4;CATATUMBO
54;NORTE DE SANTANDER;54810;TIBÚ;1;4;CATATUMBO
54;NORTE DE SANTANDER;54820;TOLEDO;0;NULL;NULL
54;NORTE DE SANTANDER;54871;VILLA CARO;0;NULL;NULL
54;NORTE DE SANTANDER;54874;VILLA DEL ROSARIO;0;NULL;NULL
63;QUINDIO;63001;ARMENIA;0;NULL;NULL
63;QUINDIO;63111;BUENAVISTA;0;NULL;NULL
63;QUINDIO;63130;CALARCÁ;0;NULL;NULL
63;QUINDIO;63190;CIRCASIA;0;NULL;NULL
63;QUINDIO;63212;CÓRDOBA;0;NULL;NULL
63;QUINDIO;63272;FILANDIA;0;NULL;NULL
63;QUINDIO;63302;GÉNOVA;0;NULL;NULL
63;QUINDIO;63401;LA TEBAIDA;0;NULL;NULL
63;QUINDIO;63470;MONTENEGRO;0;NULL;NULL
63;QUINDIO;63548;PIJAO;0;NULL;NULL
63;QUINDIO;63594;QUIMBAYA;0;NULL;NULL
63;QUINDIO;63690;SALENTO;0;NULL;NULL
66;RISARALDA;66001;PEREIRA;0;NULL;NULL
66;RISARALDA;66045;APÍA;0;NULL;NULL
66;RISARALDA;66075;BALBOA;0;NULL;NULL
66;RISARALDA;66088;BELÉN DE UMBRÍA;0;NULL;NULL
66;RISARALDA;66170;DOSQUEBRADAS;0;NULL;NULL
66;RISARALDA;66318;GUÁTICA;0;NULL;NULL
66;RISARALDA;66383;LA CELIA;0;NULL;NULL
66;RISARALDA;66400;LA VIRGINIA;0;NULL;NULL
66;RISARALDA;66440;MARSELLA;0;NULL;NULL
66;RISARALDA;66456;MISTRATÓ;0;NULL;NULL
66;RISARALDA;66572;PUEBLO RICO;0;NULL;NULL
66;RISARALDA;66594;QUINCHÍA;0;NULL;NULL
66;RISARALDA;66682;SANTA ROSA DE CABAL;0;NULL;NULL
66;RISARALDA;66687;SANTUARIO;0;NULL;NULL
68;SANTANDER;68001;BUCARAMANGA;0;NULL;NULL
68;SANTANDER;68013;AGUADA;0;NULL;NULL
68;SANTANDER;68020;ALBANIA;0;NULL;NULL
68;SANTANDER;68051;ARATOCA;0;NULL;NULL
68;SANTANDER;68077;BARBOSA;0;NULL;NULL
68;SANTANDER;68079;BARICHARA;0;NULL;NULL
68;SANTANDER;68081;BARRANCABERMEJA;0;NULL;NULL
68;SANTANDER;68092;BETULIA;0;NULL;NULL
68;SANTANDER;68101;BOLÍVAR;0;NULL;NULL
68;SANTANDER;68121;CABRERA;0;NULL;NULL
68;SANTANDER;68132;CALIFORNIA;0;NULL;NULL
68;SANTANDER;68147;CAPITANEJO;0;NULL;NULL
68;SANTANDER;68152;CARCASÍ;0;NULL;NULL
68;SANTANDER;68160;CEPITÁ;0;NULL;NULL
68;SANTANDER;68162;CERRITO;0;NULL;NULL
68;SANTANDER;68167;CHARALÁ;0;NULL;NULL
68;SANTANDER;68169;CHARTA;0;NULL;NULL
68;SANTANDER;68176;CHIMA;0;NULL;NULL
68;SANTANDER;68179;CHIPATÁ;0;NULL;NULL
68;SANTANDER;68190;CIMITARRA;0;NULL;NULL
68;SANTANDER;68207;CONCEPCIÓN;0;NULL;NULL
68;SANTANDER;68209;CONFINES;0;NULL;NULL
68;SANTANDER;68211;CONTRATACIÓN;0;NULL;NULL
68;SANTANDER;68217;COROMORO;0;NULL;NULL
68;SANTANDER;68229;CURITÍ;0;NULL;NULL
68;SANTANDER;68235;EL CARMEN DE CHUCURÍ;0;NULL;NULL
68;SANTANDER;68245;EL GUACAMAYO;0;NULL;NULL
68;SANTANDER;68250;EL PEÑÓN;0;NULL;NULL
68;SANTANDER;68255;EL PLAYÓN;0;NULL;NULL
68;SANTANDER;68264;ENCINO;0;NULL;NULL
68;SANTANDER;68266;ENCISO;0;NULL;NULL
68;SANTANDER;68271;FLORIÁN;0;NULL;NULL
68;SANTANDER;68276;FLORIDABLANCA;0;NULL;NULL
68;SANTANDER;68296;GALÁN;0;NULL;NULL
68;SANTANDER;68298;GÁMBITA;0;NULL;NULL
68;SANTANDER;68307;GIRÓN;0;NULL;NULL
68;SANTANDER;68318;GUACA;0;NULL;NULL
68;SANTANDER;68320;GUADALUPE;0;NULL;NULL
68;SANTANDER;68322;GUAPOTÁ;0;NULL;NULL
68;SANTANDER;68324;GUAVATÁ;0;NULL;NULL
68;SANTANDER;68327;GÜEPSA;0;NULL;NULL
68;SANTANDER;68344;HATO;0;NULL;NULL
68;SANTANDER;68368;JESÚS MARÍA;0;NULL;NULL
68;SANTANDER;68370;JORDÁN;0;NULL;NULL
68;SANTANDER;68377;LA BELLEZA;0;NULL;NULL
68;SANTANDER;68385;LANDÁZURI;0;NULL;NULL
68;SANTANDER;68397;LA PAZ;0;NULL;NULL
68;SANTANDER;68406;LEBRIJA;0;NULL;NULL
68;SANTANDER;68418;LOS SANTOS;0;NULL;NULL
68;SANTANDER;68425;MACARAVITA;0;NULL;NULL
68;SANTANDER;68432;MÁLAGA;0;NULL;NULL
68;SANTANDER;68444;MATANZA;0;NULL;NULL
68;SANTANDER;68464;MOGOTES;0;NULL;NULL
68;SANTANDER;68468;MOLAGAVITA;0;NULL;NULL
68;SANTANDER;68498;OCAMONTE;0;NULL;NULL
68;SANTANDER;68500;OIBA;0;NULL;NULL
68;SANTANDER;68502;ONZAGA;0;NULL;NULL
68;SANTANDER;68522;PALMAR;0;NULL;NULL
68;SANTANDER;68524;PALMAS DEL SOCORRO;0;NULL;NULL
68;SANTANDER;68533;PÁRAMO;0;NULL;NULL
68;SANTANDER;68547;PIEDECUESTA;0;NULL;NULL
68;SANTANDER;68549;PINCHOTE;0;NULL;NULL
68;SANTANDER;68572;PUENTE NACIONAL;0;NULL;NULL
68;SANTANDER;68573;PUERTO PARRA;0;NULL;NULL
68;SANTANDER;68575;PUERTO WILCHES;0;NULL;NULL
68;SANTANDER;68615;RIONEGRO;0;NULL;NULL
68;SANTANDER;68655;SABANA DE TORRES;0;NULL;NULL
68;SANTANDER;68669;SAN ANDRÉS;0;NULL;NULL
68;SANTANDER;68673;SAN BENITO;0;NULL;NULL
68;SANTANDER;68679;SAN GIL;0;NULL;NULL
68;SANTANDER;68682;SAN JOAQUÍN;0;NULL;NULL
68;SANTANDER;68684;SAN JOSÉ DE MIRANDA;0;NULL;NULL
68;SANTANDER;68686;SAN MIGUEL;0;NULL;NULL
68;SANTANDER;68689;SAN VICENTE DE CHUCURÍ;0;NULL;NULL
68;SANTANDER;68705;SANTA BÁRBARA;0;NULL;NULL
68;SANTANDER;68720;SANTA HELENA DEL OPÓN;0;NULL;NULL
68;SANTANDER;68745;SIMACOTA;0;NULL;NULL
68;SANTANDER;68755;SOCORRO;0;NULL;NULL
68;SANTANDER;68770;SUAITA;0;NULL;NULL
68;SANTANDER;68773;SUCRE;0;NULL;NULL
68;SANTANDER;68780;SURATÁ;0;NULL;NULL
68;SANTANDER;68820;TONA;0;NULL;NULL
68;SANTANDER;68855;VALLE DE SAN JOSÉ;0;NULL;NULL
68;SANTANDER;68861;VÉLEZ;0;NULL;NULL
68;SANTANDER;68867;VETAS;0;NULL;NULL
68;SANTANDER;68872;VILLANUEVA;0;NULL;NULL
68;SANTANDER;68895;ZAPATOCA;0;NULL;NULL
70;SUCRE;70001;SINCELEJO;0;NULL;NULL
70;SUCRE;70110;BUENAVISTA;0;NULL;NULL
70;SUCRE;70124;CAIMITO;0;NULL;NULL
70;SUCRE;70204;COLOSO;1;8;MONTES DE MARÍA
70;SUCRE;70215;COROZAL;0;NULL;NULL
70;SUCRE;70221;COVEÑAS;0;NULL;NULL
70;SUCRE;70230;CHALÁN;1;8;MONTES DE MARÍA
70;SUCRE;70233;EL ROBLE;0;NULL;NULL
70;SUCRE;70235;GALERAS;0;NULL;NULL
70;SUCRE;70265;GUARANDA;0;NULL;NULL
70;SUCRE;70400;LA UNIÓN;0;NULL;NULL
70;SUCRE;70418;LOS PALMITOS;1;8;MONTES DE MARÍA
70;SUCRE;70429;MAJAGUAL;0;NULL;NULL
70;SUCRE;70473;MORROA;1;8;MONTES DE MARÍA
70;SUCRE;70508;OVEJAS;1;8;MONTES DE MARÍA
70;SUCRE;70523;PALMITO;1;8;MONTES DE MARÍA
70;SUCRE;70670;SAMPUÉS;0;NULL;NULL
70;SUCRE;70678;SAN BENITO ABAD;0;NULL;NULL
70;SUCRE;70702;SAN JUAN DE BETULIA;0;NULL;NULL
70;SUCRE;70708;SAN MARCOS;0;NULL;NULL
70;SUCRE;70713;SAN ONOFRE;1;8;MONTES DE MARÍA
70;SUCRE;70717;SAN PEDRO;0;NULL;NULL
70;SUCRE;70742;SAN LUIS DE SINCÉ;0;NULL;NULL
70;SUCRE;70771;SUCRE;0;NULL;NULL
70;SUCRE;70820;SANTIAGO DE TOLÚ;0;NULL;NULL
70;SUCRE;70823;TOLÚ VIEJO;1;8;MONTES DE MARÍA
73;TOLIMA;73001;IBAGUÉ;0;NULL;NULL
73;TOLIMA;73024;ALPUJARRA;0;NULL;NULL
73;TOLIMA;73026;ALVARADO;0;NULL;NULL
73;TOLIMA;73030;AMBALEMA;0;NULL;NULL
73;TOLIMA;73043;ANZOÁTEGUI;0;NULL;NULL
73;TOLIMA;73055;ARMERO GUAYABAL;0;NULL;NULL
73;TOLIMA;73067;ATACO;1;15;SUR DEL TOLIMA
73;TOLIMA;73124;CAJAMARCA;0;NULL;NULL
73;TOLIMA;73148;CARMEN DE APICALÁ;0;NULL;NULL
73;TOLIMA;73152;CASABIANCA;0;NULL;NULL
73;TOLIMA;73168;CHAPARRAL;1;15;SUR DEL TOLIMA
73;TOLIMA;73200;COELLO;0;NULL;NULL
73;TOLIMA;73217;COYAIMA;0;NULL;NULL
73;TOLIMA;73226;CUNDAY;0;NULL;NULL
73;TOLIMA;73236;DOLORES;0;NULL;NULL
73;TOLIMA;73268;ESPINAL;0;NULL;NULL
73;TOLIMA;73270;FALAN;0;NULL;NULL
73;TOLIMA;73275;FLANDES;0;NULL;NULL
73;TOLIMA;73283;FRESNO;0;NULL;NULL
73;TOLIMA;73319;GUAMO;0;NULL;NULL
73;TOLIMA;73347;HERVEO;0;NULL;NULL
73;TOLIMA;73349;HONDA;0;NULL;NULL
73;TOLIMA;73352;ICONONZO;0;NULL;NULL
73;TOLIMA;73408;LÉRIDA;0;NULL;NULL
73;TOLIMA;73411;LÍBANO;0;NULL;NULL
73;TOLIMA;73443;SAN SEBASTIÁN DE MARIQUITA;0;NULL;NULL
73;TOLIMA;73449;MELGAR;0;NULL;NULL
73;TOLIMA;73461;MURILLO;0;NULL;NULL
73;TOLIMA;73483;NATAGAIMA;0;NULL;NULL
73;TOLIMA;73504;ORTEGA;0;NULL;NULL
73;TOLIMA;73520;PALOCABILDO;0;NULL;NULL
73;TOLIMA;73547;PIEDRAS;0;NULL;NULL
73;TOLIMA;73555;PLANADAS;1;15;SUR DEL TOLIMA
73;TOLIMA;73563;PRADO;0;NULL;NULL
73;TOLIMA;73585;PURIFICACIÓN;0;NULL;NULL
73;TOLIMA;73616;RIOBLANCO;1;15;SUR DEL TOLIMA
73;TOLIMA;73622;RONCESVALLES;0;NULL;NULL
73;TOLIMA;73624;ROVIRA;0;NULL;NULL
73;TOLIMA;73671;SALDAÑA;0;NULL;NULL
73;TOLIMA;73675;SAN ANTONIO;0;NULL;NULL
73;TOLIMA;73678;SAN LUIS;0;NULL;NULL
73;TOLIMA;73686;SANTA ISABEL;0;NULL;NULL
73;TOLIMA;73770;SUÁREZ;0;NULL;NULL
73;TOLIMA;73854;VALLE DE SAN JUAN;0;NULL;NULL
73;TOLIMA;73861;VENADILLO;0;NULL;NULL
73;TOLIMA;73870;VILLAHERMOSA;0;NULL;NULL
73;TOLIMA;73873;VILLARRICA;0;NULL;NULL
76;VALLE DEL CAUCA;76001;CALI;0;NULL;NULL
76;VALLE DEL CAUCA;76020;ALCALÁ;0;NULL;NULL
76;VALLE DEL CAUCA;76036;ANDALUCÍA;0;NULL;NULL
76;VALLE DEL CAUCA;76041;ANSERMANUEVO;0;NULL;NULL
76;VALLE DEL CAUCA;76054;ARGELIA;0;NULL;NULL
76;VALLE DEL CAUCA;76100;BOLÍVAR;0;NULL;NULL
76;VALLE DEL CAUCA;76109;BUENAVENTURA;1;9;PACÍFICO MEDIO
76;VALLE DEL CAUCA;76111;GUADALAJARA DE BUGA;0;NULL;NULL
76;VALLE DEL CAUCA;76113;BUGALAGRANDE;0;NULL;NULL
76;VALLE DEL CAUCA;76122;CAICEDONIA;0;NULL;NULL
76;VALLE DEL CAUCA;76126;CALIMA;0;NULL;NULL
76;VALLE DEL CAUCA;76130;CANDELARIA;0;NULL;NULL
76;VALLE DEL CAUCA;76147;CARTAGO;0;NULL;NULL
76;VALLE DEL CAUCA;76233;DAGUA;0;NULL;NULL
76;VALLE DEL CAUCA;76243;EL ÁGUILA;0;NULL;NULL
76;VALLE DEL CAUCA;76246;EL CAIRO;0;NULL;NULL
76;VALLE DEL CAUCA;76248;EL CERRITO;0;NULL;NULL
76;VALLE DEL CAUCA;76250;EL DOVIO;0;NULL;NULL
76;VALLE DEL CAUCA;76275;FLORIDA;1;1;ALTO PATÍA Y NORTE DEL CAUCA
76;VALLE DEL CAUCA;76306;GINEBRA;0;NULL;NULL
76;VALLE DEL CAUCA;76318;GUACARÍ;0;NULL;NULL
76;VALLE DEL CAUCA;76364;JAMUNDÍ;0;NULL;NULL
76;VALLE DEL CAUCA;76377;LA CUMBRE;0;NULL;NULL
76;VALLE DEL CAUCA;76400;LA UNIÓN;0;NULL;NULL
76;VALLE DEL CAUCA;76403;LA VICTORIA;0;NULL;NULL
76;VALLE DEL CAUCA;76497;OBANDO;0;NULL;NULL
76;VALLE DEL CAUCA;76520;PALMIRA;0;NULL;NULL
76;VALLE DEL CAUCA;76563;PRADERA;1;1;ALTO PATÍA Y NORTE DEL CAUCA
76;VALLE DEL CAUCA;76606;RESTREPO;0;NULL;NULL
76;VALLE DEL CAUCA;76616;RIOFRÍO;0;NULL;NULL
76;VALLE DEL CAUCA;76622;ROLDANILLO;0;NULL;NULL
76;VALLE DEL CAUCA;76670;SAN PEDRO;0;NULL;NULL
76;VALLE DEL CAUCA;76736;SEVILLA;0;NULL;NULL
76;VALLE DEL CAUCA;76823;TORO;0;NULL;NULL
76;VALLE DEL CAUCA;76828;TRUJILLO;0;NULL;NULL
76;VALLE DEL CAUCA;76834;TULUÁ;0;NULL;NULL
76;VALLE DEL CAUCA;76845;ULLOA;0;NULL;NULL
76;VALLE DEL CAUCA;76863;VERSALLES;0;NULL;NULL
76;VALLE DEL CAUCA;76869;VIJES;0;NULL;NULL
76;VALLE DEL CAUCA;76890;YOTOCO;0;NULL;NULL
76;VALLE DEL CAUCA;76892;YUMBO;0;NULL;NULL
76;VALLE DEL CAUCA;76895;ZARZAL;0;NULL;NULL
81;ARAUCA;81001;ARAUCA;0;NULL;NULL
81;ARAUCA;81065;ARAUQUITA;1;2;ARAUCA
81;ARAUCA;81220;CRAVO NORTE;0;NULL;NULL
81;ARAUCA;81300;FORTUL;1;2;ARAUCA
81;ARAUCA;81591;PUERTO RONDÓN;0;NULL;NULL
81;ARAUCA;81736;SARAVENA;1;2;ARAUCA
81;ARAUCA;81794;TAME;1;2;ARAUCA
85;CASANARE;85001;YOPAL;0;NULL;NULL
85;CASANARE;85010;AGUAZUL;0;NULL;NULL
85;CASANARE;85015;CHÁMEZA;0;NULL;NULL
85;CASANARE;85125;HATO COROZAL;0;NULL;NULL
85;CASANARE;85136;LA SALINA;0;NULL;NULL
85;CASANARE;85139;MANÍ;0;NULL;NULL
85;CASANARE;85162;MONTERREY;0;NULL;NULL
85;CASANARE;85225;NUNCHÍA;0;NULL;NULL
85;CASANARE;85230;OROCUÉ;0;NULL;NULL
85;CASANARE;85250;PAZ DE ARIPORO;0;NULL;NULL
85;CASANARE;85263;PORE;0;NULL;NULL
85;CASANARE;85279;RECETOR;0;NULL;NULL
85;CASANARE;85300;SABANALARGA;0;NULL;NULL
85;CASANARE;85315;SÁCAMA;0;NULL;NULL
85;CASANARE;85325;SAN LUIS DE PALENQUE;0;NULL;NULL
85;CASANARE;85400;TÁMARA;0;NULL;NULL
85;CASANARE;85410;TAURAMENA;0;NULL;NULL
85;CASANARE;85430;TRINIDAD;0;NULL;NULL
85;CASANARE;85440;VILLANUEVA;0;NULL;NULL
86;PUTUMAYO;86001;MOCOA;1;11;PUTUMAYO
86;PUTUMAYO;86219;COLÓN;0;NULL;NULL
86;PUTUMAYO;86320;ORITO;1;11;PUTUMAYO
86;PUTUMAYO;86568;PUERTO ASÍS;1;11;PUTUMAYO
86;PUTUMAYO;86569;PUERTO CAICEDO;1;11;PUTUMAYO
86;PUTUMAYO;86571;PUERTO GUZMÁN;1;11;PUTUMAYO
86;PUTUMAYO;86573;PUERTO LEGUÍZAMO;1;11;PUTUMAYO
86;PUTUMAYO;86749;SIBUNDOY;0;NULL;NULL
86;PUTUMAYO;86755;SAN FRANCISCO;0;NULL;NULL
86;PUTUMAYO;86757;SAN MIGUEL;1;11;PUTUMAYO
86;PUTUMAYO;86760;SANTIAGO;0;NULL;NULL
86;PUTUMAYO;86865;VALLE DEL GUAMUEZ;1;11;PUTUMAYO
86;PUTUMAYO;86885;VILLAGARZÓN;1;11;PUTUMAYO
88;ARCHIPIELAGO DE SAN ANDRES Y PROVIDENCIA;88001;SAN ANDRÉS;0;NULL;NULL
88;ARCHIPIELAGO DE SAN ANDRES Y PROVIDENCIA;88564;PROVIDENCIA;0;NULL;NULL
91;AMAZONAS;91263;EL ENCANTO;0;NULL;NULL
91;AMAZONAS;91405;LA CHORRERA;0;NULL;NULL
91;AMAZONAS;91407;LA PEDRERA;0;NULL;NULL
91;AMAZONAS;91430;LA VICTORIA;0;NULL;NULL
91;AMAZONAS;91001;LETICIA;0;NULL;NULL
91;AMAZONAS;91460;MIRITI - PARANÁ;0;NULL;NULL
91;AMAZONAS;91530;PUERTO ALEGRÍA;0;NULL;NULL
91;AMAZONAS;91536;PUERTO ARICA;0;NULL;NULL
91;AMAZONAS;91540;PUERTO NARIÑO;0;NULL;NULL
91;AMAZONAS;91669;PUERTO SANTANDER;0;NULL;NULL
91;AMAZONAS;91798;TARAPACÁ;0;NULL;NULL
94;GUAINÍA;94001;INÍRIDA;0;NULL;NULL
94;GUAINÍA;94343;BARRANCO MINAS;0;NULL;NULL
95;GUAVIARE;95001;SAN JOSÉ DEL GUAVIARE;1;7;MACARENA - GUAVIARE
95;GUAVIARE;95015;CALAMAR;1;7;MACARENA - GUAVIARE
95;GUAVIARE;95025;EL RETORNO;1;7;MACARENA - GUAVIARE
95;GUAVIARE;95200;MIRAFLORES;1;7;MACARENA - GUAVIARE
97;VAUPÉS;97161;CARURÚ;0;NULL;NULL
97;VAUPÉS;97001;MITÚ;0;NULL;NULL
97;VAUPÉS;97511;PACOA;0;NULL;NULL
97;VAUPÉS;97777;PAPUNAHUA;0;NULL;NULL
97;VAUPÉS;97666;TARAIRA;0;NULL;NULL
97;VAUPÉS;97889;YAVARATÉ;0;NULL;NULL
99;VICHADA;99001;PUERTO CARREÑO;0;NULL;NULL
99;VICHADA;99524;LA PRIMAVERA;0;NULL;NULL
99;VICHADA;99624;SANTA ROSALÍA;0;NULL;NULL
99;VICHADA;99773;CUMARIBO;0;NULL;NULL
